{
    "model": "",
    "ngpus": [
        1,
        2,
        4,
        8
    ],
    "bs": [
        1,
        2,
        4,
        8,
        16,
        32,
        64,
        96,
        128,
        192
    ],
    "metric_keys": [
        "train.ips",
        "train.latency_avg",
        "train.latency_50",
        "train.latency_90",
        "train.latency_95",
        "train.latency_99",
        "train.latency_100"
    ],
    "metrics": {
        "1": {
            "1": {
                "train.ips": 97.07046137076595,
                "train.latency_avg": 0.01030179506596188,
                "train.latency_50": 0.0101509690284729,
                "train.latency_90": 0.011067700386047364,
                "train.latency_95": 0.011613273620605467,
                "train.latency_99": 0.013000094890594484,
                "train.latency_100": 0.016765117645263672
            },
            "2": {
                "train.ips": 182.5565695638919,
                "train.latency_avg": 0.010955508228368806,
                "train.latency_50": 0.010860562324523926,
                "train.latency_90": 0.011455702781677245,
                "train.latency_95": 0.01191422939300537,
                "train.latency_99": 0.013222963809967042,
                "train.latency_100": 0.015396952629089355
            },
            "4": {
                "train.ips": 323.09709996776655,
                "train.latency_avg": 0.012380179210519239,
                "train.latency_50": 0.012150168418884277,
                "train.latency_90": 0.013392317295074464,
                "train.latency_95": 0.014147579669952393,
                "train.latency_99": 0.016033486127853398,
                "train.latency_100": 0.01806473731994629
            },
            "8": {
                "train.ips": 565.4291116881237,
                "train.latency_avg": 0.014148546359976944,
                "train.latency_50": 0.014062464237213135,
                "train.latency_90": 0.014845216274261476,
                "train.latency_95": 0.015317952632904051,
                "train.latency_99": 0.016716881990432742,
                "train.latency_100": 0.020596981048583984
            },
            "16": {
                "train.ips": 839.3356006304024,
                "train.latency_avg": 0.0190626967186699,
                "train.latency_50": 0.01898014545440674,
                "train.latency_90": 0.019590914249420166,
                "train.latency_95": 0.02009903192520142,
                "train.latency_99": 0.021944379806518553,
                "train.latency_100": 0.03263068199157715
            },
            "32": {
                "train.ips": 1092.3966543105548,
                "train.latency_avg": 0.029293388874571558,
                "train.latency_50": 0.029246807098388672,
                "train.latency_90": 0.029830312728881835,
                "train.latency_95": 0.030418771505355838,
                "train.latency_99": 0.03180590748786927,
                "train.latency_100": 0.0530238151550293
            },
            "64": {
                "train.ips": 1281.348442771746,
                "train.latency_avg": 0.04994738188588152,
                "train.latency_50": 0.04989749193191528,
                "train.latency_90": 0.05042619705200195,
                "train.latency_95": 0.05095982551574707,
                "train.latency_99": 0.05236390233039856,
                "train.latency_100": 0.09287309646606445
            },
            "96": {
                "train.ips": 1378.2445806114983,
                "train.latency_avg": 0.06965382004796769,
                "train.latency_50": 0.06959772109985352,
                "train.latency_90": 0.07013320922851562,
                "train.latency_95": 0.07057190537452698,
                "train.latency_99": 0.07187240123748781,
                "train.latency_100": 0.13189148902893066
            },
            "128": {
                "train.ips": 1357.964757143183,
                "train.latency_avg": 0.09425870540946871,
                "train.latency_50": 0.09422481060028076,
                "train.latency_90": 0.09482377767562866,
                "train.latency_95": 0.09522243738174438,
                "train.latency_99": 0.09655781626701355,
                "train.latency_100": 0.18134450912475586
            },
            "192": {
                "train.ips": 1442.8770634617176,
                "train.latency_avg": 0.13306746975335376,
                "train.latency_50": 0.13304102420806885,
                "train.latency_90": 0.13379038572311402,
                "train.latency_95": 0.13417640924453733,
                "train.latency_99": 0.13551962852478028,
                "train.latency_100": 0.2574782371520996
            }
        },
        "2": {
            "1": {
                "train.ips": 179.34697176579783,
                "train.latency_avg": 0.011151568271873146,
                "train.latency_50": 0.011013567447662354,
                "train.latency_90": 0.01197371482849121,
                "train.latency_95": 0.012397408485412598,
                "train.latency_99": 0.014448223114013677,
                "train.latency_100": 0.0169069766998291
            },
            "2": {
                "train.ips": 340.8126973722832,
                "train.latency_avg": 0.011736651923008143,
                "train.latency_50": 0.011536180973052979,
                "train.latency_90": 0.012697577476501465,
                "train.latency_95": 0.013500607013702391,
                "train.latency_99": 0.015363464355468752,
                "train.latency_100": 0.020273685455322266
            },
            "4": {
                "train.ips": 610.4142612250893,
                "train.latency_avg": 0.013105853693431344,
                "train.latency_50": 0.012948095798492432,
                "train.latency_90": 0.01397087574005127,
                "train.latency_95": 0.0146176278591156,
                "train.latency_99": 0.016634184122085574,
                "train.latency_100": 0.02241206169128418
            },
            "8": {
                "train.ips": 1064.8415343936674,
                "train.latency_avg": 0.015025709913832931,
                "train.latency_50": 0.014806926250457764,
                "train.latency_90": 0.016119778156280518,
                "train.latency_95": 0.01712992787361145,
                "train.latency_99": 0.01909395456314087,
                "train.latency_100": 0.022211313247680664
            },
            "16": {
                "train.ips": 1640.0289321686237,
                "train.latency_avg": 0.019511850902341178,
                "train.latency_50": 0.019356250762939453,
                "train.latency_90": 0.02058809995651245,
                "train.latency_95": 0.021295732259750365,
                "train.latency_99": 0.022906699180603035,
                "train.latency_100": 0.03253459930419922
            },
            "32": {
                "train.ips": 2119.995668284401,
                "train.latency_avg": 0.03018874092879245,
                "train.latency_50": 0.030000925064086914,
                "train.latency_90": 0.031486010551452635,
                "train.latency_95": 0.03224232792854309,
                "train.latency_99": 0.03449824571609497,
                "train.latency_100": 0.052911996841430664
            },
            "64": {
                "train.ips": 2518.238439104332,
                "train.latency_avg": 0.050829182023576,
                "train.latency_50": 0.05071622133255005,
                "train.latency_90": 0.05138351917266846,
                "train.latency_95": 0.05205263495445252,
                "train.latency_99": 0.05357454895973206,
                "train.latency_100": 0.09346246719360352
            },
            "96": {
                "train.ips": 2713.4933794070052,
                "train.latency_avg": 0.07075749712791221,
                "train.latency_50": 0.07062619924545288,