{
    "model": "",
    "ngpus": [
        1,
        2,
        4,
        8
    ],
    "bs": [
        1,
        2,
        4,
        8,
        16,
        32,
        64,
        96
    ],
    "metric_keys": [
        "train.ips",
        "train.latency_avg",
        "train.latency_50",
        "train.latency_90",
        "train.latency_95",
        "train.latency_99",
        "train.latency_100"
    ],
    "metrics": {
        "1": {
            "1": {
                "train.ips": 65.63867218532278,
                "train.latency_avg": 0.015234921224131745,
                "train.latency_50": 0.015182435512542725,
                "train.latency_90": 0.015883755683898926,
                "train.latency_95": 0.016248786449432374,
                "train.latency_99": 0.016991093158721923,
                "train.latency_100": 0.021009087562561035
            },
            "2": {
                "train.ips": 112.8355285514038,
                "train.latency_avg": 0.01772491364799937,
                "train.latency_50": 0.017680644989013672,
                "train.latency_90": 0.018389892578125,
                "train.latency_95": 0.018640828132629392,
                "train.latency_99": 0.0192802095413208,
                "train.latency_100": 0.022132396697998047
            },
            "4": {
                "train.ips": 177.99958951650578,
                "train.latency_avg": 0.02247196193465987,
                "train.latency_50": 0.022419333457946777,
                "train.latency_90": 0.023017656803131104,
                "train.latency_95": 0.023242706060409547,
                "train.latency_99": 0.02385345220565796,
                "train.latency_100": 0.026337146759033203
            },
            "8": {
                "train.ips": 250.83050074402587,
                "train.latency_avg": 0.0318940478780292,
                "train.latency_50": 0.03183126449584961,
                "train.latency_90": 0.03237906694412232,
                "train.latency_95": 0.03262763023376465,
                "train.latency_99": 0.03348544478416443,
                "train.latency_100": 0.03513979911804199
            },
            "16": {
                "train.ips": 317.0137246208993,
                "train.latency_avg": 0.050471000961026496,
                "train.latency_50": 0.050403475761413574,
                "train.latency_90": 0.05143063068389892,
                "train.latency_95": 0.051754075288772586,
                "train.latency_99": 0.052658334970474244,
                "train.latency_100": 0.05500078201293945
            },
            "32": {
                "train.ips": 355.79150216988717,
                "train.latency_avg": 0.08994031561979324,
                "train.latency_50": 0.08986347913742065,
                "train.latency_90": 0.09091312885284425,
                "train.latency_95": 0.09129668474197387,
                "train.latency_99": 0.09265190720558167,
                "train.latency_100": 0.09534645080566406
            },
            "64": {
                "train.ips": 378.2156966315426,
                "train.latency_avg": 0.1692156104836356,
                "train.latency_50": 0.1691492795944214,
                "train.latency_90": 0.17066594362258913,
                "train.latency_95": 0.17109997868537902,
                "train.latency_99": 0.1721545886993408,
                "train.latency_100": 0.1732316017150879
            },
            "96": {
                "train.ips": 384.7747345624452,
                "train.latency_avg": 0.2494966310851165,
                "train.latency_50": 0.24950367212295532,
                "train.latency_90": 0.25143119096755984,
                "train.latency_95": 0.25195856690406804,
                "train.latency_99": 0.25331584334373475,
                "train.latency_100": 0.2547757625579834
            }
        },
        "2": {
            "1": {
                "train.ips": 113.88776605475695,
                "train.latency_avg": 0.017561148745673043,
                "train.latency_50": 0.01746755838394165,
                "train.latency_90": 0.01879838705062866,
                "train.latency_95": 0.019254004955291747,
                "train.latency_99": 0.020260577201843266,
                "train.latency_100": 0.023258686065673828
            },
            "2": {
                "train.ips": 200.2606980061954,
                "train.latency_avg": 0.0199739641368685,
                "train.latency_50": 0.019898414611816406,
                "train.latency_90": 0.020912480354309083,
                "train.latency_95": 0.021341437101364137,
                "train.latency_99": 0.022370718717575074,
                "train.latency_100": 0.024814128875732422
            },
            "4": {
                "train.ips": 326.6749912813903,
                "train.latency_avg": 0.024489171848202436,
                "train.latency_50": 0.02441573143005371,
                "train.latency_90": 0.025145554542541505,
                "train.latency_95": 0.02545143961906433,
                "train.latency_99": 0.026610424518585207,
                "train.latency_100": 0.028726816177368164
            },
            "8": {
                "train.ips": 475.93054758113715,
                "train.latency_avg": 0.03361835057934016,
                "train.latency_50": 0.033534467220306396,
                "train.latency_90": 0.034427642822265625,
                "train.latency_95": 0.034749174118041994,
                "train.latency_99": 0.03544490456581116,
                "train.latency_100": 0.03801107406616211
            },
            "16": {
                "train.ips": 617.5650349625141,
                "train.latency_avg": 0.05181640505593453,
                "train.latency_50": 0.051706910133361816,
                "train.latency_90": 0.05274143218994141,
                "train.latency_95": 0.05306876301765442,
                "train.latency_99": 0.05425888061523438,
                "train.latency_100": 0.05749309062957764
            },
            "32": {
                "train.ips": 701.811681963786,
                "train.latency_avg": 0.09119255441989416,
                "train.latency_50": 0.09112328290939331,
                "train.latency_90": 0.09227362871170045,
                "train.latency_95": 0.09271515607833862,
                "train.latency_99": 0.09438828945159912,
                "train.latency_100": 0.09784972667694092
            },
            "64": {
                "train.ips": 749.7101506621399,
                "train.latency_avg": 0.17073264899368257,
                "train.latency_50": 0.17066359519958496,
                "train.latency_90": 0.1723815441131592,
                "train.latency_95": 0.1730000019073486,
                "train.latency_99": 0.17446651697158816,
                "train.latency_100": 0.17917335033416748
            },
            "96": {
                "train.ips": 767.9462581044237,
                "train.latency_avg": 0.2500174953308937,
                "train.latency_50": 0.24973511695861816,
                "train.latency_90": 0.25339957475662234,
                "train.latency_95": 0.254457026720047,
                "train.latency_99": 0.25668679594993593,
                "train.latency_100": 0.25899839401245117
            }
        },
        "4": {
            "1": {
                "train.ips": 242.29049122337977,
                "train.latency_avg": 0.016509108466465566,
                "train.latency_50": 0.016401171684265137,
                "train.latency_90": 0.017564594745635986,
                "train.latency_95": 0.0180608332157135,
                "train.latency_99": 0.019138467311859135,
                "train.latency_100": 0.022325992584228516
            },
            "2": {
                "train.ips": 415.75091670936996,
                "train.latency_avg": 0.019242290704538333,
                "train.latency_50": 0.0191381573677063,
                "train.latency_90": 0.020128440856933594,