{
    "model": "",
    "ngpus": [
        1
    ],
    "bs": [
        1,
        2,
        4,
        8,
        16,
        32,
        64,
        128,
        192,
        256
    ],
    "metric_keys": [
        "val.ips",
        "val.latency_avg",
        "val.latency_50",
        "val.latency_90",
        "val.latency_95",
        "val.latency_99",
        "val.latency_100"
    ],
    "metrics": {
        "1": {
            "1": {
                "val.ips": 240.23365812500023,
                "val.latency_avg": 0.004162614047527313,
                "val.latency_50": 0.004116535186767578,
                "val.latency_90": 0.004266107082366943,
                "val.latency_95": 0.004343390464782715,
                "val.latency_99": 0.0047834765911102285,
                "val.latency_100": 0.013280391693115234
            },
            "2": {
                "val.ips": 405.4148700950878,
                "val.latency_avg": 0.004933218161265055,
                "val.latency_50": 0.004879295825958252,
                "val.latency_90": 0.005015206336975098,
                "val.latency_95": 0.005087542533874511,
                "val.latency_99": 0.0054317557811737055,
                "val.latency_100": 0.015672922134399414
            },
            "4": {
                "val.ips": 610.3776091342633,
                "val.latency_avg": 0.006553320338328679,
                "val.latency_50": 0.006531417369842529,
                "val.latency_90": 0.006742143630981446,
                "val.latency_95": 0.006834071874618529,
                "val.latency_99": 0.00730803370475769,
                "val.latency_100": 0.007793426513671875
            },
            "8": {
                "val.ips": 794.8700422927135,
                "val.latency_avg": 0.0100645383199056,
                "val.latency_50": 0.010009169578552246,
                "val.latency_90": 0.010290694236755372,
                "val.latency_95": 0.01037243604660034,
                "val.latency_99": 0.010689715147018431,
                "val.latency_100": 0.011085271835327148
            },
            "16": {
                "val.ips": 1010.8820605863849,
                "val.latency_avg": 0.01582776134212812,
                "val.latency_50": 0.015779554843902588,
                "val.latency_90": 0.01604715585708618,
                "val.latency_95": 0.01620471477508545,
                "val.latency_99": 0.01677090167999267,
                "val.latency_100": 0.01783287525177002
            },
            "32": {
                "val.ips": 1133.8110283492667,
                "val.latency_avg": 0.028223398079474767,
                "val.latency_50": 0.02815324068069458,
                "val.latency_90": 0.028598034381866456,
                "val.latency_95": 0.028694635629653933,
                "val.latency_99": 0.02907079219818115,
                "val.latency_100": 0.03176593780517578
            },
            "64": {
                "val.ips": 1217.5597653352784,
                "val.latency_avg": 0.05256415481368701,
                "val.latency_50": 0.052518248558044434,
                "val.latency_90": 0.05301183462142944,
                "val.latency_95": 0.05316763520240783,
                "val.latency_99": 0.05442464709281922,
                "val.latency_100": 0.055930137634277344
            },
            "128": {
                "val.ips": 1234.861715842494,
                "val.latency_avg": 0.1036553310851256,
                "val.latency_50": 0.10322624444961548,
                "val.latency_90": 0.10400432348251343,
                "val.latency_95": 0.10443324446678162,
                "val.latency_99": 0.1182755661010742,
                "val.latency_100": 0.12321007251739502
            },
            "192": {
                "val.ips": 1254.6178895559788,
                "val.latency_avg": 0.15303464233875275,
                "val.latency_50": 0.15192091464996338,
                "val.latency_90": 0.15307010412216185,
                "val.latency_95": 0.15403793454170225,
                "val.latency_99": 0.18016401886940003,
                "val.latency_100": 0.1858729124069214
            },
            "256": {
                "val.ips": 1268.8922635754957,
                "val.latency_avg": 0.2017507769167423,
                "val.latency_50": 0.20019656419754028,
                "val.latency_90": 0.2017263650894165,
                "val.latency_95": 0.20258482694625854,
                "val.latency_99": 0.24080680608749389,
                "val.latency_100": 0.2448718547821045
            }
        }
    }
}
