{
    "model": "",
    "ngpus": [
        1,
        2,
        4,
        8
    ],
    "bs": [
        1,
        2,
        4,
        8,
        16,
        32,
        64,
        128,
        192,
        256
    ],
    "metric_keys": [
        "val.ips",
        "val.latency_avg",
        "val.latency_50",
        "val.latency_90",
        "val.latency_95",
        "val.latency_99",
        "val.latency_100"
    ],
    "metrics": {
        "1": {
            "1": {
                "val.ips": 428.51,
                "val.latency_avg": 0.001964043825864792,
                "val.latency_50": 0.0019512176513671875,
                "val.latency_90": 0.002001667022705078,
                "val.latency_95": 0.002017390727996826,
                "val.latency_99": 0.0021589982509613013,
                "val.latency_100": 0.004511713981628418
            },
            "2": {
                "val.ips": 831.37,
                "val.latency_avg": 0.0020691665510336557,
                "val.latency_50": 0.0020610690116882324,
                "val.latency_90": 0.0021219730377197267,
                "val.latency_95": 0.002142024040222168,
                "val.latency_99": 0.00234590411186218,
                "val.latency_100": 0.003589153289794922
            },
            "4": {
                "val.ips": 1524.01,
                "val.latency_avg": 0.0024772929648558296,
                "val.latency_50": 0.002466559410095215,
                "val.latency_90": 0.002498519420623779,
                "val.latency_95": 0.0025142788887023925,
                "val.latency_99": 0.002582974433898925,
                "val.latency_100": 0.003973841667175293
            },
            "8": {
                "val.ips": 2364.20,
                "val.latency_avg": 0.003326822320620219,
                "val.latency_50": 0.0033109188079833984,
                "val.latency_90": 0.0033308625221252436,
                "val.latency_95": 0.0033396661281585695,
                "val.latency_99": 0.0034180748462676954,
                "val.latency_100": 0.005900025367736816
            },
            "16": {
                "val.ips": 3167.641178675351,
                "val.latency_avg": 0.005051077157258987,
                "val.latency_50": 0.0050193071365356445,
                "val.latency_90": 0.005146312713623047,
                "val.latency_95": 0.005229312181472778,
                "val.latency_99": 0.006263239383697501,
                "val.latency_100": 0.007830500602722168
            },
            "32": {
                "val.ips": 3886.144505415806,
                "val.latency_avg": 0.008234382420778275,
                "val.latency_50": 0.008207142353057861,
                "val.latency_90": 0.008276283740997314,
                "val.latency_95": 0.008343511819839477,
                "val.latency_99": 0.009024053812026978,
                "val.latency_100": 0.011356949806213379
            },
            "64": {
                "val.ips": 4425.093893325645,
                "val.latency_avg": 0.01446296994884809,
                "val.latency_50": 0.014449834823608398,
                "val.latency_90": 0.014520227909088135,
                "val.latency_95": 0.014534038305282593,
                "val.latency_99": 0.014592167139053345,
                "val.latency_100": 0.016072988510131836
            },
            "128": {
                "val.ips": 4748.93,
                "val.latency_avg": 0.029329802840948105,
                "val.latency_50": 0.029331684112548828,
                "val.latency_90": 0.029418301582336426,
                "val.latency_95": 0.02944822311401367,
                "val.latency_99": 0.02953611969947815,
                "val.latency_100": 0.02984297275543213
            },
            "192": {
                "val.ips": 4851.25,
                "val.latency_avg": 0.039897095908721286,
                "val.latency_50": 0.0398709774017334,
                "val.latency_90": 0.04012186527252197,
                "val.latency_95": 0.040195327997207646,
                "val.latency_99": 0.04046486139297485,
                "val.latency_100": 0.04118382930755615
            },
            "256": {
                "val.ips": 4934.48,
                "val.latency_avg": 0.052258299042781196,
                "val.latency_50": 0.052239418029785156,
                "val.latency_90": 0.052466082572937014,
                "val.latency_95": 0.05253688097000122,
                "val.latency_99": 0.05270055174827576,
                "val.latency_100": 0.05284082889556885
            }
        },
        "2": {
            "1": {
                "val.ips": 905.3050003850296,
                "val.latency_avg": 0.0022092002133528394,
                "val.latency_50": 0.0021829605102539062,
                "val.latency_90": 0.0023033499717712404,
                "val.latency_95": 0.0023358702659606934,
                "val.latency_99": 0.0029785275459289487,
                "val.latency_100": 0.005399227142333984
            },
            "2": {
                "val.ips": 1674.8187552844608,
                "val.latency_avg": 0.0023883181313673653,
                "val.latency_50": 0.002413034439086914,
                "val.latency_90": 0.0025547146797180176,
                "val.latency_95": 0.0026380598545074465,
                "val.latency_99": 0.003131631612777702,
                "val.latency_100": 0.0060585737228393555
            },
            "4": {
                "val.ips": 3092.0308382810204,
                "val.latency_avg": 0.002587296317021052,
                "val.latency_50": 0.0025629401206970215,
                "val.latency_90": 0.002662956714630127,
                "val.latency_95": 0.0026813983917236325,
                "val.latency_99": 0.003401688337326041,
                "val.latency_100": 0.006129026412963867
            },
            "8": {
                "val.ips": 4841.681588754017,
                "val.latency_avg": 0.0033046369751294456,
                "val.latency_50": 0.0033082962036132812,
                "val.latency_90": 0.0033486485481262207,
                "val.latency_95": 0.0033620655536651615,
                "val.latency_99": 0.0033967721462249754,
                "val.latency_100": 0.0034607648849487305
            },
            "16": {
                "val.ips": 6326.116818761388,
                "val.latency_avg": 0.005058395365873973,
                "val.latency_50": 0.005047738552093506,
                "val.latency_90": 0.0051031351089477536,
                "val.latency_95": 0.005132889747619629,
                "val.latency_99": 0.0051802492141723635,
                "val.latency_100": 0.006460666656494141
            },
            "32": {
                "val.ips": 7729.082752143076,
                "val.latency_avg": 0.008280413349469502,
                "val.latency_50": 0.008266627788543701,
                "val.latency_90": 0.008314967155456543,
                "val.latency_95": 0.008331680297851562,
                "val.latency_99": 0.008917032480239867,
                "val.latency_100": 0.011344432830810547
            },
            "64": {
                "val.ips": 8855.21286021739,
                "val.latency_avg": 0.014454762637615203,
                "val.latency_50": 0.014447987079620361,
                "val.latency_90": 0.014507806301116942,
                "val.latency_95": 0.014528465270996094,
                "val.latency_99": 0.014591984748840332,
                "val.latency_100": 0.015469193458557129
            },
            "128": {
                "val.ips": 8685.591984098133,
                "val.latency_avg": 0.029474099228779475,
                "val.latency_50": 0.029461920261383057,
                "val.latency_90": 0.029573011398315432,
                "val.latency_95": 0.02961454391479492,
                "val.latency_99": 0.030043922662734986,
                "val.latency_100": 0.030994772911071777
            },