{
    "model": "",
    "ngpus": [
        1,
        2,
        4,
        8
    ],
    "bs": [
        1,
        2,
        4,
        8,
        16,
        32,
        64,
        96,
        128,
        192
    ],
    "metric_keys": [
        "train.ips",
        "train.latency_avg",
        "train.latency_50",
        "train.latency_90",
        "train.latency_95",
        "train.latency_99",
        "train.latency_100"
    ],
    "metrics": {
        "1": {
            "1": {
                "train.ips": 94.01183572275215,
                "train.latency_avg": 0.01063695855220904,
                "train.latency_50": 0.010398447513580322,
                "train.latency_90": 0.011772203445434571,
                "train.latency_95": 0.012262028455734254,
                "train.latency_99": 0.013738607168197636,
                "train.latency_100": 0.01848459243774414
            },
            "2": {
                "train.ips": 174.5896254698522,
                "train.latency_avg": 0.01145543439146306,
                "train.latency_50": 0.01124107837677002,
                "train.latency_90": 0.012617850303649904,
                "train.latency_95": 0.013086122274398803,
                "train.latency_99": 0.015299085378646857,
                "train.latency_100": 0.019625544548034668
            },
            "4": {
                "train.ips": 314.61848276258985,
                "train.latency_avg": 0.012713811232184943,
                "train.latency_50": 0.012540280818939209,
                "train.latency_90": 0.013756704330444337,
                "train.latency_95": 0.014209693670272826,
                "train.latency_99": 0.016161280870437625,
                "train.latency_100": 0.018116474151611328
            },
            "8": {
                "train.ips": 537.2752127533461,
                "train.latency_avg": 0.01488994803799494,
                "train.latency_50": 0.014773428440093994,
                "train.latency_90": 0.015745782852172853,
                "train.latency_95": 0.016191768646240237,
                "train.latency_99": 0.01891722917556763,
                "train.latency_100": 0.021085143089294434
            },
            "16": {
                "train.ips": 826.0616417223266,
                "train.latency_avg": 0.019369014601186698,
                "train.latency_50": 0.01928532123565674,
                "train.latency_90": 0.02015883922576904,
                "train.latency_95": 0.020573371648788454,
                "train.latency_99": 0.022535903453826906,
                "train.latency_100": 0.027749061584472656
            },
            "32": {
                "train.ips": 1071.1311650507525,
                "train.latency_avg": 0.029874959336547515,
                "train.latency_50": 0.029814422130584717,
                "train.latency_90": 0.030785799026489258,
                "train.latency_95": 0.031384676694869995,
                "train.latency_99": 0.03239885449409485,
                "train.latency_100": 0.04090595245361328
            },
            "64": {
                "train.ips": 1265.0628000998956,
                "train.latency_avg": 0.050590373849382204,
                "train.latency_50": 0.05051153898239136,
                "train.latency_90": 0.05128382444381714,
                "train.latency_95": 0.05186840891838074,
                "train.latency_99": 0.052947047948837284,
                "train.latency_100": 0.06995391845703125
            },
            "96": {
                "train.ips": 1358.0257126265315,
                "train.latency_avg": 0.07069085592961877,
                "train.latency_50": 0.07060372829437256,
                "train.latency_90": 0.07132034301757813,
                "train.latency_95": 0.07199646234512329,
                "train.latency_99": 0.07377745509147644,
                "train.latency_100": 0.09662199020385742
            },
            "128": {
                "train.ips": 1340.4622270176708,
                "train.latency_avg": 0.09548944940043627,
                "train.latency_50": 0.0953790545463562,
                "train.latency_90": 0.09661266803741456,
                "train.latency_95": 0.09721012711524962,
                "train.latency_99": 0.09858410120010375,
                "train.latency_100": 0.13228023052215576
            },
            "192": {
                "train.ips": 1427.2262443298514,
                "train.latency_avg": 0.1345266742135567,
                "train.latency_50": 0.13445168733596802,
                "train.latency_90": 0.13549410104751586,
                "train.latency_95": 0.13619393706321717,
                "train.latency_99": 0.13819105863571168,
                "train.latency_100": 0.18248414993286133
            }
        },
        "2": {
            "1": {
                "train.ips": 169.23489460214566,
                "train.latency_avg": 0.01181789373108779,
                "train.latency_50": 0.011665940284729004,
                "train.latency_90": 0.012899565696716308,
                "train.latency_95": 0.013506710529327393,
                "train.latency_99": 0.01543471336364747,
                "train.latency_100": 0.01965022087097168
            },
            "2": {
                "train.ips": 321.5741401740467,
                "train.latency_avg": 0.012438811148915973,
                "train.latency_50": 0.012286484241485596,
                "train.latency_90": 0.013490450382232667,
                "train.latency_95": 0.014136403799057007,
                "train.latency_99": 0.015595548152923586,
                "train.latency_100": 0.020315885543823242
            },
            "4": {
                "train.ips": 580.7562876923761,
                "train.latency_avg": 0.013775141431163571,
                "train.latency_50": 0.013655543327331543,
                "train.latency_90": 0.0148221492767334,
                "train.latency_95": 0.015403568744659422,
                "train.latency_99": 0.018112457990646372,
                "train.latency_100": 0.030982494354248047
            },
            "8": {
                "train.ips": 1019.4012849991109,
                "train.latency_avg": 0.015695487376214123,
                "train.latency_50": 0.015548169612884521,
                "train.latency_90": 0.016877412796020508,
                "train.latency_95": 0.017699468135833736,
                "train.latency_99": 0.019820835590362552,
                "train.latency_100": 0.022514820098876953
            },
            "16": {
                "train.ips": 1569.39301243668,
                "train.latency_avg": 0.02039004872993284,
                "train.latency_50": 0.02026963233947754,
                "train.latency_90": 0.02142554521560669,
                "train.latency_95": 0.022225725650787353,
                "train.latency_99": 0.023960794210433966,
                "train.latency_100": 0.030436992645263672
            },
            "32": {
                "train.ips": 2065.5344902661463,
                "train.latency_avg": 0.03098471620861365,
                "train.latency_50": 0.030894935131072998,
                "train.latency_90": 0.0320878267288208,
                "train.latency_95": 0.03283848762512207,
                "train.latency_99": 0.03406664490699768,
                "train.latency_100": 0.04452800750732422
            },
            "64": {
                "train.ips": 2454.2661171378245,
                "train.latency_avg": 0.05215408349819625,
                "train.latency_50": 0.05203980207443237,
                "train.latency_90": 0.053448390960693364,
                "train.latency_95": 0.05413865447044372,
                "train.latency_99": 0.05525623083114624,
                "train.latency_100": 0.07207703590393066
            },
            "96": {
                "train.ips": 2651.703871531475,
                "train.latency_avg": 0.07240627509779649,
                "train.latency_50": 0.07226687669754028,