{
    "model": "",
    "ngpus": [
        1
    ],
    "bs": [
        1,
        2,
        4,
        8,
        16,
        32,
        64,
        128,
        192,
        256
    ],
    "metric_keys": [
        "val.ips",
        "val.latency_avg",
        "val.latency_50",
        "val.latency_90",
        "val.latency_95",
        "val.latency_99",
        "val.latency_100"
    ],
    "metrics": {
        "1": {
            "1": {
                "val.ips": 397.3849327313013,
                "val.latency_avg": 0.0025164517263571422,
                "val.latency_50": 0.0024659037590026855,
                "val.latency_90": 0.002685236930847168,
                "val.latency_95": 0.0027753710746765132,
                "val.latency_99": 0.003161247968673704,
                "val.latency_100": 0.015812039375305176
            },
            "2": {
                "val.ips": 732.2504707806821,
                "val.latency_avg": 0.0027313058574994407,
                "val.latency_50": 0.002593994140625,
                "val.latency_90": 0.002999091148376465,
                "val.latency_95": 0.0033388316631317114,
                "val.latency_99": 0.004938552379608149,
                "val.latency_100": 0.01877415180206299
            },
            "4": {
                "val.ips": 1268.5368150794172,
                "val.latency_avg": 0.0031532391905784605,
                "val.latency_50": 0.0029616951942443848,
                "val.latency_90": 0.003504478931427002,
                "val.latency_95": 0.0039661645889282155,
                "val.latency_99": 0.007515028715133656,
                "val.latency_100": 0.014462590217590332
            },
            "8": {
                "val.ips": 2011.6651374668604,
                "val.latency_avg": 0.003976805011431377,
                "val.latency_50": 0.0038619637489318848,
                "val.latency_90": 0.004192161560058594,
                "val.latency_95": 0.004377096891403197,
                "val.latency_99": 0.008278251886367776,
                "val.latency_100": 0.015304803848266602
            },
            "16": {
                "val.ips": 2666.628149377016,
                "val.latency_avg": 0.006000086665153503,
                "val.latency_50": 0.005926549434661865,
                "val.latency_90": 0.006324625015258789,
                "val.latency_95": 0.006438630819320679,
                "val.latency_99": 0.008306322097778294,
                "val.latency_100": 0.016933441162109375
            },
            "32": {
                "val.ips": 3239.9154914979167,
                "val.latency_avg": 0.009876800825198491,
                "val.latency_50": 0.009825170040130615,
                "val.latency_90": 0.010258674621582031,
                "val.latency_95": 0.010412049293518067,
                "val.latency_99": 0.01151093244552611,
                "val.latency_100": 0.028375864028930664
            },
            "64": {
                "val.ips": 3775.5308336413577,
                "val.latency_avg": 0.016951258728901547,
                "val.latency_50": 0.01699352264404297,
                "val.latency_90": 0.017522740364074706,
                "val.latency_95": 0.01767675280570984,
                "val.latency_99": 0.018056017160415647,
                "val.latency_100": 0.018718242645263672
            },
            "128": {
                "val.ips": 3734.135927408193,
                "val.latency_avg": 0.034278345108032224,
                "val.latency_50": 0.03382313251495361,
                "val.latency_90": 0.03547954559326172,
                "val.latency_95": 0.03627818822860718,
                "val.latency_99": 0.04237746953964232,
                "val.latency_100": 0.05173790454864502
            },
            "192": {
                "val.ips": 3640.950309678109,
                "val.latency_avg": 0.052733485400676725,
                "val.latency_50": 0.05242854356765747,
                "val.latency_90": 0.05522953271865845,
                "val.latency_95": 0.056177216768264766,
                "val.latency_99": 0.06536303758621215,
                "val.latency_100": 0.07713067531585693
            },
            "256": {
                "val.ips": 3463.0917848064337,
                "val.latency_avg": 0.0739223837852478,
                "val.latency_50": 0.07279771566390991,
                "val.latency_90": 0.07734699249267579,
                "val.latency_95": 0.07987104058265684,
                "val.latency_99": 0.10078786611557006,
                "val.latency_100": 0.1040571928024292
            }
        }
    }
}
