{
    "model": "",
    "ngpus": [
        1,
        2,
        4,
        8
    ],
    "bs": [
        1,
        2,
        4,
        8,
        16,
        32,
        64,
        96,
        128,
        192,
        256
    ],
    "metric_keys": [
        "val.ips",
        "val.latency_avg",
        "val.latency_50",
        "val.latency_90",
        "val.latency_95",
        "val.latency_99",
        "val.latency_100"
    ],
    "metrics": {
        "1": {
            "1": {
                "val.ips": 243.56053715365178,
                "val.latency_avg": 0.004105755438407263,
                "val.latency_50": 0.00410008430480957,
                "val.latency_90": 0.004128706455230713,
                "val.latency_95": 0.004140794277191162,
                "val.latency_99": 0.004318437576293942,
                "val.latency_100": 0.005264997482299805
            },
            "2": {
                "val.ips": 430.37407297019416,
                "val.latency_avg": 0.004647120088338851,
                "val.latency_50": 0.0046086907386779785,
                "val.latency_90": 0.004679203033447266,
                "val.latency_95": 0.004733550548553467,
                "val.latency_99": 0.00575156927108764,
                "val.latency_100": 0.0070275068283081055
            },
            "4": {
                "val.ips": 644.2348639503605,
                "val.latency_avg": 0.006208915760119756,
                "val.latency_50": 0.0061585307121276855,
                "val.latency_90": 0.00626373291015625,
                "val.latency_95": 0.0063586711883544915,
                "val.latency_99": 0.007413058280944821,
                "val.latency_100": 0.009009003639221191
            },
            "8": {
                "val.ips": 853.1114491301759,
                "val.latency_avg": 0.009377438326676688,
                "val.latency_50": 0.009371757507324219,
                "val.latency_90": 0.009399569034576416,
                "val.latency_95": 0.00941123366355896,
                "val.latency_99": 0.009473264217376709,
                "val.latency_100": 0.010085701942443848
            },
            "16": {
                "val.ips": 1064.5693876986495,
                "val.latency_avg": 0.015029551088809968,
                "val.latency_50": 0.015022337436676025,
                "val.latency_90": 0.015081298351287842,
                "val.latency_95": 0.01510167121887207,
                "val.latency_99": 0.015174479484558103,
                "val.latency_100": 0.01634061336517334
            },
            "32": {
                "val.ips": 1179.505701967132,
                "val.latency_avg": 0.027130008737246195,
                "val.latency_50": 0.027097880840301514,
                "val.latency_90": 0.027264535427093506,
                "val.latency_95": 0.027299439907073973,
                "val.latency_99": 0.027423149347305296,
                "val.latency_100": 0.02923142910003662
            },
            "64": {
                "val.ips": 1277.334162980664,
                "val.latency_avg": 0.05010435159007708,
                "val.latency_50": 0.05008745193481445,
                "val.latency_90": 0.05039633512496948,
                "val.latency_95": 0.05048379898071289,
                "val.latency_99": 0.050639718770980835,
                "val.latency_100": 0.05300700664520264
            },
            "96": {
                "val.ips": 1323.0117278566845,
                "val.latency_avg": 0.07256171504656474,
                "val.latency_50": 0.07253521680831909,
                "val.latency_90": 0.07274332046508789,
                "val.latency_95": 0.07280588746070862,
                "val.latency_99": 0.07287950873374939,
                "val.latency_100": 0.07584130764007568
            },
            "128": {
                "val.ips": 1321.314088400062,
                "val.latency_avg": 0.09687325755755107,
                "val.latency_50": 0.09689110517501831,
                "val.latency_90": 0.09712879657745362,
                "val.latency_95": 0.0972138524055481,
                "val.latency_99": 0.09740088939666747,
                "val.latency_100": 0.09794747829437256
            },
            "192": {
                "val.ips": 1337.2246942271313,
                "val.latency_avg": 0.14358095601201057,
                "val.latency_50": 0.14358514547348022,
                "val.latency_90": 0.1438648343086243,
                "val.latency_95": 0.14396005868911743,
                "val.latency_99": 0.14419843196868898,
                "val.latency_100": 0.14517807960510254
            },
            "256": {
                "val.ips": 1348.7246303511545,
                "val.latency_avg": 0.18980894560615222,
                "val.latency_50": 0.1898326873779297,
                "val.latency_90": 0.19017680883407595,
                "val.latency_95": 0.1902682304382324,
                "val.latency_99": 0.19044980049133303,
                "val.latency_100": 0.1909794807434082
            }
        },
        "2": {
            "1": {
                "val.ips": 451.5447063572428,
                "val.latency_avg": 0.004429240276416143,
                "val.latency_50": 0.004406750202178955,
                "val.latency_90": 0.004508721828460694,
                "val.latency_95": 0.004556101560592652,
                "val.latency_99": 0.0047909271717071515,
                "val.latency_100": 0.0066070556640625
            },
            "2": {
                "val.ips": 841.749139416826,
                "val.latency_avg": 0.004752009610335032,
                "val.latency_50": 0.0047332048416137695,
                "val.latency_90": 0.0047920942306518555,
                "val.latency_95": 0.004810267686843872,
                "val.latency_99": 0.0049225497245788535,
                "val.latency_100": 0.008101105690002441
            },
            "4": {
                "val.ips": 1200.0361483257093,
                "val.latency_avg": 0.00666646584868431,
                "val.latency_50": 0.0066375732421875,
                "val.latency_90": 0.006725084781646729,
                "val.latency_95": 0.006787216663360596,
                "val.latency_99": 0.007361142635345458,
                "val.latency_100": 0.009781122207641602
            },
            "8": {
                "val.ips": 1650.4668478056615,
                "val.latency_avg": 0.00969422683119774,
                "val.latency_50": 0.009689509868621826,
                "val.latency_90": 0.009748113155364991,
                "val.latency_95": 0.009782886505126952,
                "val.latency_99": 0.009827762842178345,
                "val.latency_100": 0.010730504989624023
            },
            "16": {
                "val.ips": 2123.155296109917,
                "val.latency_avg": 0.015071907391150791,
                "val.latency_50": 0.015030741691589355,
                "val.latency_90": 0.015106916427612305,
                "val.latency_95": 0.015142452716827393,
                "val.latency_99": 0.016279612779617297,
                "val.latency_100": 0.01988041400909424
            },
            "32": {
                "val.ips": 2339.2733181370486,
                "val.latency_avg": 0.027358923604091007,
                "val.latency_50": 0.027351737022399902,
                "val.latency_90": 0.027477049827575685,
                "val.latency_95": 0.027505671977996825,
                "val.latency_99": 0.027581692934036256,
                "val.latency_100": 0.029301762580871582
            },
            "64": {
                "val.ips": 2554.7875512909477,
                "val.latency_avg": 0.050102013349533084,
                "val.latency_50": 0.0500907301902771,
                "val.latency_90": 0.05040440559387207,
                "val.latency_95": 0.05050197839736938,
                "val.latency_99": 0.05068609833717346,
                "val.latency_100": 0.05092155933380127
            },